Chr,Rec_rate
chrI,0.000045
chrII,0.00003
chrIII,0.000048
chrIV,0.000031
chrV,0.000035
chrVI,0.000048
chrVII,0.000037
chrVIII,0.00003
chrIX,0.000045
chrX,0.00003
chrXI,0.000038
chrXII,0.000036
chrXIII,0.000034
chrXIV,0.000037
chrXV,0.000033
chrXVI,0.000029
